{
  "hash": "f7f6e3cf",
  "configHash": "92b6cfef",
  "lockfileHash": "1cd44ddd",
  "browserHash": "c587a5da",
  "optimized": {
    "@angular/common": {
      "src": "../../../../../node_modules/@angular/common/fesm2022/common.mjs",
      "file": "@angular_common.js",
      "fileHash": "050dae0a",
      "needsInterop": false
    },
    "@angular/common/http": {
      "src": "../../../../../node_modules/@angular/common/fesm2022/http.mjs",
      "file": "@angular_common_http.js",
      "fileHash": "afd7a02c",
      "needsInterop": false
    },
    "@angular/core": {
      "src": "../../../../../node_modules/@angular/core/fesm2022/core.mjs",
      "file": "@angular_core.js",
      "fileHash": "f99c845b",
      "needsInterop": false
    },
    "@angular/forms": {
      "src": "../../../../../node_modules/@angular/forms/fesm2022/forms.mjs",
      "file": "@angular_forms.js",
      "fileHash": "df5c02fa",
      "needsInterop": false
    },
    "@angular/platform-browser": {
      "src": "../../../../../node_modules/@angular/platform-browser/fesm2022/platform-browser.mjs",
      "file": "@angular_platform-browser.js",
      "fileHash": "7bc32f1a",
      "needsInterop": false
    },
    "@angular/router": {
      "src": "../../../../../node_modules/@angular/router/fesm2022/router.mjs",
      "file": "@angular_router.js",
      "fileHash": "f3a060ee",
      "needsInterop": false
    },
    "@ngrx/store": {
      "src": "../../../../../node_modules/@ngrx/store/fesm2022/ngrx-store.mjs",
      "file": "@ngrx_store.js",
      "fileHash": "747e72c7",
      "needsInterop": false
    },
    "rxjs": {
      "src": "../../../../../node_modules/rxjs/dist/esm5/index.js",
      "file": "rxjs.js",
      "fileHash": "f69c8267",
      "needsInterop": false
    }
  },
  "chunks": {
    "chunk-X5GXTOUR": {
      "file": "chunk-X5GXTOUR.js"
    },
    "chunk-XR3JWFKJ": {
      "file": "chunk-XR3JWFKJ.js"
    },
    "chunk-4CXCO4J7": {
      "file": "chunk-4CXCO4J7.js"
    },
    "chunk-YINWXC6D": {
      "file": "chunk-YINWXC6D.js"
    },
    "chunk-YTR4LZ5T": {
      "file": "chunk-YTR4LZ5T.js"
    }
  }
}